{
    "$schema": "https://schema.management.azure.com/schemas/2015-01-01/deploymentParameters.json#",
    "contentVersion": "1.0.0.0",
    "parameters": {
        "IotHubs_hau_iot_hub_connectionString": {
            "value": null
        },
        "IotHubs_hau_iot_hub_containerName": {
            "value": null
        },
        "vulnerabilityAssessments_Default_storageContainerPath": {
            "value": null
        },
        "servers_hau_sql_db_srv_name": {
            "value": null
        },
        "IotHubs_hau_iot_hub_name": {
            "value": null
        },
        "virtualNetworks_hau_vnet_name": {
            "value": null
        },
        "storageAccounts_haustacc_name": {
            "value": null
        },
        "workspaces_hau_dtb_workspace_name": {
            "value": null
        },
        "networkSecurityGroups_databricksnsgtis7i7yw4syx4_name": {
            "value": null
        }
    }
}