{
    "$schema": "https://schema.management.azure.com/schemas/2019-04-01/deploymentTemplate.json#",
    "contentVersion": "1.0.0.0",
    "parameters": {
        "IotHubs_hau_iot_hub_connectionString": {
            "type": "SecureString"
        },
        "IotHubs_hau_iot_hub_containerName": {
            "type": "SecureString"
        },
        "vulnerabilityAssessments_Default_storageContainerPath": {
            "type": "SecureString"
        },
        "servers_hau_sql_db_srv_name": {
            "defaultValue": "hau-sql-db-srv",
            "type": "String"
        },
        "IotHubs_hau_iot_hub_name": {
            "defaultValue": "hau-iot-hub",
            "type": "String"
        },
        "virtualNetworks_hau_vnet_name": {
            "defaultValue": "hau-vnet",
            "type": "String"
        },
        "storageAccounts_haustacc_name": {
            "defaultValue": "haustacc",
            "type": "String"
        },
        "workspaces_hau_dtb_workspace_name": {
            "defaultValue": "hau-dtb-workspace",
            "type": "String"
        },
        "networkSecurityGroups_databricksnsgtis7i7yw4syx4_name": {
            "defaultValue": "databricksnsgtis7i7yw4syx4",
            "type": "String"
        }
    },
    "variables": {},
    "resources": [
        {
            "type": "Microsoft.Devices/IotHubs",
            "apiVersion": "2021-07-01",
            "name": "[parameters('IotHubs_hau_iot_hub_name')]",
            "location": "eastus",
            "sku": {
                "name": "F1",
                "tier": "Free",
                "capacity": 1
            },
            "identity": {
                "type": "None"
            },
            "properties": {
                "ipFilterRules": [],
                "eventHubEndpoints": {
                    "events": {
                        "retentionTimeInDays": 1,
                        "partitionCount": 2
                    }
                },
                "routing": {
                    "endpoints": {
                        "serviceBusQueues": [],
                        "serviceBusTopics": [],
                        "eventHubs": [],
                        "storageContainers": []
                    },
                    "routes": [],
                    "fallbackRoute": {
                        "name": "$fallback",
                        "source": "DeviceMessages",
                        "condition": "true",
                        "endpointNames": [
                            "events"
                        ],
                        "isEnabled": true
                    }
                },
                "storageEndpoints": {
                    "$default": {
                        "sasTtlAsIso8601": "PT1H",
                        "connectionString": "[parameters('IotHubs_hau_iot_hub_connectionString')]",
                        "containerName": "[parameters('IotHubs_hau_iot_hub_containerName')]"
                    }
                },
                "messagingEndpoints": {
                    "fileNotifications": {
                        "lockDurationAsIso8601": "PT1M",
                        "ttlAsIso8601": "PT1H",
                        "maxDeliveryCount": 10
                    }
                },
                "enableFileUploadNotifications": false,
                "cloudToDevice": {
                    "maxDeliveryCount": 10,
                    "defaultTtlAsIso8601": "PT1H",
                    "feedback": {
                        "lockDurationAsIso8601": "PT1M",
                        "ttlAsIso8601": "PT1H",
                        "maxDeliveryCount": 10
                    }
                },
                "features": "None",
                "disableLocalAuth": false,
                "allowedFqdnList": []
            }
        },
        {
            "type": "Microsoft.Network/networkSecurityGroups",
            "apiVersion": "2020-11-01",
            "name": "[parameters('networkSecurityGroups_databricksnsgtis7i7yw4syx4_name')]",
            "location": "eastus",
            "properties": {
                "securityRules": [
                    {
                        "name": "Microsoft.Databricks-workspaces_UseOnly_databricks-worker-to-worker-inbound",
                        "properties": {
                            "description": "Required for worker nodes communication within a cluster.",
                            "protocol": "*",
                            "sourcePortRange": "*",
                            "destinationPortRange": "*",
                            "sourceAddressPrefix": "VirtualNetwork",
                            "destinationAddressPrefix": "VirtualNetwork",
                            "access": "Allow",
                            "priority": 100,
                            "direction": "Inbound",
                            "sourcePortRanges": [],
                            "destinationPortRanges": [],
                            "sourceAddressPrefixes": [],
                            "destinationAddressPrefixes": []
                        }
                    },
                    {
                        "name": "Microsoft.Databricks-workspaces_UseOnly_databricks-worker-to-databricks-webapp",
                        "properties": {
                            "description": "Required for workers communication with Databricks Webapp.",
                            "protocol": "tcp",
                            "sourcePortRange": "*",
                            "destinationPortRange": "443",
                            "sourceAddressPrefix": "VirtualNetwork",
                            "destinationAddressPrefix": "AzureDatabricks",
                            "access": "Allow",
                            "priority": 100,
                            "direction": "Outbound",
                            "sourcePortRanges": [],
                            "destinationPortRanges": [],
                            "sourceAddressPrefixes": [],
                            "destinationAddressPrefixes": []
                        }
                    },
                    {
                        "name": "Microsoft.Databricks-workspaces_UseOnly_databricks-worker-to-sql",
                        "properties": {
                            "description": "Required for workers communication with Azure SQL services.",
                            "protocol": "tcp",
                            "sourcePortRange": "*",
                            "destinationPortRange": "3306",
                            "sourceAddressPrefix": "VirtualNetwork",
                            "destinationAddressPrefix": "Sql",
                            "access": "Allow",
                            "priority": 101,
                            "direction": "Outbound",
                            "sourcePortRanges": [],
                            "destinationPortRanges": [],
                            "sourceAddressPrefixes": [],
                            "destinationAddressPrefixes": []
                        }
                    },
                    {
                        "name": "Microsoft.Databricks-workspaces_UseOnly_databricks-worker-to-storage",
                        "properties": {
                            "description": "Required for workers communication with Azure Storage services.",
                            "protocol": "tcp",
                            "sourcePortRange": "*",
                            "destinationPortRange": "443",
                            "sourceAddressPrefix": "VirtualNetwork",
                            "destinationAddressPrefix": "Storage",
                            "access": "Allow",
                            "priority": 102,
                            "direction": "Outbound",
                            "sourcePortRanges": [],
                            "destinationPortRanges": [],
                            "sourceAddressPrefixes": [],
                            "destinationAddressPrefixes": []
                        }
                    },
                    {
                        "name": "Microsoft.Databricks-workspaces_UseOnly_databricks-worker-to-worker-outbound",
                        "properties": {
                            "description": "Required for worker nodes communication within a cluster.",
                            "protocol": "*",
                            "sourcePortRange": "*",
                            "destinationPortRange": "*",
                            "sourceAddressPrefix": "VirtualNetwork",
                            "destinationAddressPrefix": "VirtualNetwork",
                            "access": "Allow",
                            "priority": 103,
                            "direction": "Outbound",
                            "sourcePortRanges": [],
                            "destinationPortRanges": [],
                            "sourceAddressPrefixes": [],
                            "destinationAddressPrefixes": []
                        }
                    },
                    {
                        "name": "Microsoft.Databricks-workspaces_UseOnly_databricks-worker-to-eventhub",
                        "properties": {
                            "description": "Required for worker communication with Azure Eventhub services.",
                            "protocol": "tcp",
                            "sourcePortRange": "*",
                            "destinationPortRange": "9093",
                            "sourceAddressPrefix": "VirtualNetwork",
                            "destinationAddressPrefix": "EventHub",
                            "access": "Allow",
                            "priority": 104,
                            "direction": "Outbound",
                            "sourcePortRanges": [],
                            "destinationPortRanges": [],
                            "sourceAddressPrefixes": [],
                            "destinationAddressPrefixes": []
                        }
                    }
                ]
            }
        },
        {
            "type": "Microsoft.Sql/servers",
            "apiVersion": "2021-02-01-preview",
            "name": "[parameters('servers_hau_sql_db_srv_name')]",
            "location": "eastus",
            "kind": "v12.0",
            "properties": {
                "administratorLogin": "hauadmin",
                "version": "12.0",
                "minimalTlsVersion": "1.2",
                "publicNetworkAccess": "Enabled",
                "restrictOutboundNetworkAccess": "Disabled"
            }
        },
        {
            "type": "Microsoft.Databricks/workspaces",
            "apiVersion": "2021-04-01-preview",
            "name": "[parameters('workspaces_hau_dtb_workspace_name')]",
            "location": "eastus",
            "dependsOn": [
                "[resourceId('Microsoft.Network/virtualNetworks', parameters('virtualNetworks_hau_vnet_name'))]"
            ],
            "sku": {
                "name": "standard"
            },
            "properties": {
                "managedResourceGroupId": "[concat('/subscriptions/74ad2afe-165c-4660-9f98-0756a65c3727/resourceGroups/databricks-rg-', parameters('workspaces_hau_dtb_workspace_name'), '-s6u5ubacwrk6y')]",
                "parameters": {
                    "customPrivateSubnetName": {
                        "type": "String",
                        "value": "hau-sn-03-pvsnet"
                    },
                    "customPublicSubnetName": {
                        "type": "String",
                        "value": "hau-sn-02-pbsnet"
                    },
                    "customVirtualNetworkId": {
                        "type": "String",
                        "value": "[resourceId('Microsoft.Network/virtualNetworks', parameters('virtualNetworks_hau_vnet_name'))]"
                    },
                    "enableNoPublicIp": {
                        "type": "Bool",
                        "value": true
                    },
                    "natGatewayName": {
                        "type": "String",
                        "value": "nat-gateway"
                    },
                    "prepareEncryption": {
                        "type": "Bool",
                        "value": false
                    },
                    "publicIpName": {
                        "type": "String",
                        "value": "nat-gw-public-ip"
                    },
                    "requireInfrastructureEncryption": {
                        "type": "Bool",
                        "value": false
                    },
                    "storageAccountName": {
                        "type": "String",
                        "value": "dbstorageuebel264p5w2u"
                    },
                    "storageAccountSkuName": {
                        "type": "String",
                        "value": "Standard_GRS"
                    },
                    "vnetAddressPrefix": {
                        "type": "String",
                        "value": "10.139"
                    }
                },
                "authorizations": [
                    {
                        "principalId": "9a74af6f-d153-4348-988a-e2672920bee9",
                        "roleDefinitionId": "8e3af657-a8ff-443c-a75c-2fe8c4bcb635"
                    }
                ],
                "createdBy": {},
                "updatedBy": {},
                "createdDateTime": "2021-10-20T04:42:14.2368802Z"
            }
        },
        {
            "type": "Microsoft.Network/networkSecurityGroups/securityRules",
            "apiVersion": "2020-11-01",
            "name": "[concat(parameters('networkSecurityGroups_databricksnsgtis7i7yw4syx4_name'), '/Microsoft.Databricks-workspaces_UseOnly_databricks-worker-to-databricks-webapp')]",
            "dependsOn": [
                "[resourceId('Microsoft.Network/networkSecurityGroups', parameters('networkSecurityGroups_databricksnsgtis7i7yw4syx4_name'))]"
            ],
            "properties": {
                "description": "Required for workers communication with Databricks Webapp.",
                "protocol": "tcp",
                "sourcePortRange": "*",
                "destinationPortRange": "443",
                "sourceAddressPrefix": "VirtualNetwork",
                "destinationAddressPrefix": "AzureDatabricks",
                "access": "Allow",
                "priority": 100,
                "direction": "Outbound",
                "sourcePortRanges": [],
                "destinationPortRanges": [],
                "sourceAddressPrefixes": [],
                "destinationAddressPrefixes": []
            }
        },
        {
            "type": "Microsoft.Network/networkSecurityGroups/securityRules",
            "apiVersion": "2020-11-01",
            "name": "[concat(parameters('networkSecurityGroups_databricksnsgtis7i7yw4syx4_name'), '/Microsoft.Databricks-workspaces_UseOnly_databricks-worker-to-eventhub')]",
            "dependsOn": [
                "[resourceId('Microsoft.Network/networkSecurityGroups', parameters('networkSecurityGroups_databricksnsgtis7i7yw4syx4_name'))]"
            ],
            "properties": {
                "description": "Required for worker communication with Azure Eventhub services.",
                "protocol": "tcp",
                "sourcePortRange": "*",
                "destinationPortRange": "9093",
                "sourceAddressPrefix": "VirtualNetwork",
                "destinationAddressPrefix": "EventHub",
                "access": "Allow",
                "priority": 104,
                "direction": "Outbound",
                "sourcePortRanges": [],
                "destinationPortRanges": [],
                "sourceAddressPrefixes": [],
                "destinationAddressPrefixes": []
            }
        },
        {
            "type": "Microsoft.Network/networkSecurityGroups/securityRules",
            "apiVersion": "2020-11-01",
            "name": "[concat(parameters('networkSecurityGroups_databricksnsgtis7i7yw4syx4_name'), '/Microsoft.Databricks-workspaces_UseOnly_databricks-worker-to-sql')]",
            "dependsOn": [
                "[resourceId('Microsoft.Network/networkSecurityGroups', parameters('networkSecurityGroups_databricksnsgtis7i7yw4syx4_name'))]"
            ],
            "properties": {
                "description": "Required for workers communication with Azure SQL services.",
                "protocol": "tcp",
                "sourcePortRange": "*",
                "destinationPortRange": "3306",
                "sourceAddressPrefix": "VirtualNetwork",
                "destinationAddressPrefix": "Sql",
                "access": "Allow",
                "priority": 101,
                "direction": "Outbound",
                "sourcePortRanges": [],
                "destinationPortRanges": [],
                "sourceAddressPrefixes": [],
                "destinationAddressPrefixes": []
            }
        },
        {
            "type": "Microsoft.Network/networkSecurityGroups/securityRules",
            "apiVersion": "2020-11-01",
            "name": "[concat(parameters('networkSecurityGroups_databricksnsgtis7i7yw4syx4_name'), '/Microsoft.Databricks-workspaces_UseOnly_databricks-worker-to-storage')]",
            "dependsOn": [
                "[resourceId('Microsoft.Network/networkSecurityGroups', parameters('networkSecurityGroups_databricksnsgtis7i7yw4syx4_name'))]"
            ],
            "properties": {
                "description": "Required for workers communication with Azure Storage services.",
                "protocol": "tcp",
                "sourcePortRange": "*",
                "destinationPortRange": "443",
                "sourceAddressPrefix": "VirtualNetwork",
                "destinationAddressPrefix": "Storage",
                "access": "Allow",
                "priority": 102,
                "direction": "Outbound",
                "sourcePortRanges": [],
                "destinationPortRanges": [],
                "sourceAddressPrefixes": [],
                "destinationAddressPrefixes": []
            }
        },
        {
            "type": "Microsoft.Network/networkSecurityGroups/securityRules",
            "apiVersion": "2020-11-01",
            "name": "[concat(parameters('networkSecurityGroups_databricksnsgtis7i7yw4syx4_name'), '/Microsoft.Databricks-workspaces_UseOnly_databricks-worker-to-worker-inbound')]",
            "dependsOn": [
                "[resourceId('Microsoft.Network/networkSecurityGroups', parameters('networkSecurityGroups_databricksnsgtis7i7yw4syx4_name'))]"
            ],
            "properties": {
                "description": "Required for worker nodes communication within a cluster.",
                "protocol": "*",
                "sourcePortRange": "*",
                "destinationPortRange": "*",
                "sourceAddressPrefix": "VirtualNetwork",
                "destinationAddressPrefix": "VirtualNetwork",
                "access": "Allow",
                "priority": 100,
                "direction": "Inbound",
                "sourcePortRanges": [],
                "destinationPortRanges": [],
                "sourceAddressPrefixes": [],
                "destinationAddressPrefixes": []
            }
        },
        {
            "type": "Microsoft.Network/networkSecurityGroups/securityRules",
            "apiVersion": "2020-11-01",
            "name": "[concat(parameters('networkSecurityGroups_databricksnsgtis7i7yw4syx4_name'), '/Microsoft.Databricks-workspaces_UseOnly_databricks-worker-to-worker-outbound')]",
            "dependsOn": [
                "[resourceId('Microsoft.Network/networkSecurityGroups', parameters('networkSecurityGroups_databricksnsgtis7i7yw4syx4_name'))]"
            ],
            "properties": {
                "description": "Required for worker nodes communication within a cluster.",
                "protocol": "*",
                "sourcePortRange": "*",
                "destinationPortRange": "*",
                "sourceAddressPrefix": "VirtualNetwork",
                "destinationAddressPrefix": "VirtualNetwork",
                "access": "Allow",
                "priority": 103,
                "direction": "Outbound",
                "sourcePortRanges": [],
                "destinationPortRanges": [],
                "sourceAddressPrefixes": [],
                "destinationAddressPrefixes": []
            }
        },
        {
            "type": "Microsoft.Network/virtualNetworks",
            "apiVersion": "2020-11-01",
            "name": "[parameters('virtualNetworks_hau_vnet_name')]",
            "location": "eastus",
            "dependsOn": [
                "[resourceId('Microsoft.Network/networkSecurityGroups', parameters('networkSecurityGroups_databricksnsgtis7i7yw4syx4_name'))]"
            ],
            "properties": {
                "addressSpace": {
                    "addressPrefixes": [
                        "10.1.0.0/16"
                    ]
                },
                "subnets": [
                    {
                        "name": "hau-sn-01",
                        "properties": {
                            "addressPrefix": "10.1.1.0/24",
                            "serviceEndpoints": [
                                {
                                    "service": "Microsoft.Sql",
                                    "locations": [
                                        "eastus"
                                    ]
                                },
                                {
                                    "service": "Microsoft.Storage",
                                    "locations": [
                                        "eastus",
                                        "westus"
                                    ]
                                }
                            ],
                            "delegations": [],
                            "privateEndpointNetworkPolicies": "Enabled",
                            "privateLinkServiceNetworkPolicies": "Enabled"
                        }
                    },
                    {
                        "name": "hau-sn-03-pvsnet",
                        "properties": {
                            "addressPrefix": "10.1.3.0/24",
                            "networkSecurityGroup": {
                                "id": "[resourceId('Microsoft.Network/networkSecurityGroups', parameters('networkSecurityGroups_databricksnsgtis7i7yw4syx4_name'))]"
                            },
                            "delegations": [
                                {
                                    "name": "databricks-del-dxlgzto4wauki",
                                    "properties": {
                                        "serviceName": "Microsoft.Databricks/workspaces"
                                    }
                                }
                            ],
                            "privateEndpointNetworkPolicies": "Enabled",
                            "privateLinkServiceNetworkPolicies": "Enabled"
                        }
                    },
                    {
                        "name": "hau-sn-02-pbsnet",
                        "properties": {
                            "addressPrefix": "10.1.2.0/24",
                            "networkSecurityGroup": {
                                "id": "[resourceId('Microsoft.Network/networkSecurityGroups', parameters('networkSecurityGroups_databricksnsgtis7i7yw4syx4_name'))]"
                            },
                            "delegations": [
                                {
                                    "name": "databricks-del-5u67ze4jtxfw6",
                                    "properties": {
                                        "serviceName": "Microsoft.Databricks/workspaces"
                                    }
                                }
                            ],
                            "privateEndpointNetworkPolicies": "Enabled",
                            "privateLinkServiceNetworkPolicies": "Enabled"
                        }
                    }
                ],
                "virtualNetworkPeerings": [],
                "enableDdosProtection": false
            }
        },
        {
            "type": "Microsoft.Network/virtualNetworks/subnets",
            "apiVersion": "2020-11-01",
            "name": "[concat(parameters('virtualNetworks_hau_vnet_name'), '/hau-sn-01')]",
            "dependsOn": [
                "[resourceId('Microsoft.Network/virtualNetworks', parameters('virtualNetworks_hau_vnet_name'))]"
            ],
            "properties": {
                "addressPrefix": "10.1.1.0/24",
                "serviceEndpoints": [
                    {
                        "service": "Microsoft.Sql",
                        "locations": [
                            "eastus"
                        ]
                    },
                    {
                        "service": "Microsoft.Storage",
                        "locations": [
                            "eastus",
                            "westus"
                        ]
                    }
                ],
                "delegations": [],
                "privateEndpointNetworkPolicies": "Enabled",
                "privateLinkServiceNetworkPolicies": "Enabled"
            }
        },
        {
            "type": "Microsoft.Sql/servers/advisors",
            "apiVersion": "2014-04-01",
            "name": "[concat(parameters('servers_hau_sql_db_srv_name'), '/CreateIndex')]",
            "dependsOn": [
                "[resourceId('Microsoft.Sql/servers', parameters('servers_hau_sql_db_srv_name'))]"
            ],
            "properties": {
                "autoExecuteValue": "Disabled"
            }
        },
        {
            "type": "Microsoft.Sql/servers/advisors",
            "apiVersion": "2014-04-01",
            "name": "[concat(parameters('servers_hau_sql_db_srv_name'), '/DbParameterization')]",
            "dependsOn": [
                "[resourceId('Microsoft.Sql/servers', parameters('servers_hau_sql_db_srv_name'))]"
            ],
            "properties": {
                "autoExecuteValue": "Disabled"
            }
        },
        {
            "type": "Microsoft.Sql/servers/advisors",
            "apiVersion": "2014-04-01",
            "name": "[concat(parameters('servers_hau_sql_db_srv_name'), '/DefragmentIndex')]",
            "dependsOn": [
                "[resourceId('Microsoft.Sql/servers', parameters('servers_hau_sql_db_srv_name'))]"
            ],
            "properties": {
                "autoExecuteValue": "Disabled"
            }
        },
        {
            "type": "Microsoft.Sql/servers/advisors",
            "apiVersion": "2014-04-01",
            "name": "[concat(parameters('servers_hau_sql_db_srv_name'), '/DropIndex')]",
            "dependsOn": [
                "[resourceId('Microsoft.Sql/servers', parameters('servers_hau_sql_db_srv_name'))]"
            ],
            "properties": {
                "autoExecuteValue": "Disabled"
            }
        },
        {
            "type": "Microsoft.Sql/servers/advisors",
            "apiVersion": "2014-04-01",
            "name": "[concat(parameters('servers_hau_sql_db_srv_name'), '/ForceLastGoodPlan')]",
            "dependsOn": [
                "[resourceId('Microsoft.Sql/servers', parameters('servers_hau_sql_db_srv_name'))]"
            ],
            "properties": {
                "autoExecuteValue": "Enabled"
            }
        },
        {
            "type": "Microsoft.Sql/servers/auditingPolicies",
            "apiVersion": "2014-04-01",
            "name": "[concat(parameters('servers_hau_sql_db_srv_name'), '/Default')]",
            "location": "East US",
            "dependsOn": [
                "[resourceId('Microsoft.Sql/servers', parameters('servers_hau_sql_db_srv_name'))]"
            ],
            "properties": {
                "auditingState": "Disabled"
            }
        },
        {
            "type": "Microsoft.Sql/servers/auditingSettings",
            "apiVersion": "2021-02-01-preview",
            "name": "[concat(parameters('servers_hau_sql_db_srv_name'), '/Default')]",
            "dependsOn": [
                "[resourceId('Microsoft.Sql/servers', parameters('servers_hau_sql_db_srv_name'))]"
            ],
            "properties": {
                "retentionDays": 0,
                "auditActionsAndGroups": [],
                "isStorageSecondaryKeyInUse": false,
                "isAzureMonitorTargetEnabled": false,
                "state": "Disabled",
                "storageAccountSubscriptionId": "00000000-0000-0000-0000-000000000000"
            }
        },
        {
            "type": "Microsoft.Sql/servers/databases",
            "apiVersion": "2021-02-01-preview",
            "name": "[concat(parameters('servers_hau_sql_db_srv_name'), '/hau-sql-db')]",
            "location": "eastus",
            "dependsOn": [
                "[resourceId('Microsoft.Sql/servers', parameters('servers_hau_sql_db_srv_name'))]"
            ],
            "sku": {
                "name": "Standard",
                "tier": "Standard",
                "capacity": 10
            },
            "kind": "v12.0,user",
            "properties": {
                "collation": "SQL_Latin1_General_CP1_CI_AS",
                "maxSizeBytes": 268435456000,
                "catalogCollation": "SQL_Latin1_General_CP1_CI_AS",
                "zoneRedundant": false,
                "readScale": "Disabled",
                "requestedBackupStorageRedundancy": "Geo",
                "maintenanceConfigurationId": "/subscriptions/74ad2afe-165c-4660-9f98-0756a65c3727/providers/Microsoft.Maintenance/publicMaintenanceConfigurations/SQL_Default",
                "isLedgerOn": false
            }
        },
        {
            "type": "Microsoft.Sql/servers/databases/auditingPolicies",
            "apiVersion": "2014-04-01",
            "name": "[concat(parameters('servers_hau_sql_db_srv_name'), '/master/Default')]",
            "location": "East US",
            "dependsOn": [
                "[resourceId('Microsoft.Sql/servers', parameters('servers_hau_sql_db_srv_name'))]"
            ],
            "properties": {
                "auditingState": "Disabled"
            }
        },
        {
            "type": "Microsoft.Sql/servers/databases/auditingSettings",
            "apiVersion": "2021-02-01-preview",
            "name": "[concat(parameters('servers_hau_sql_db_srv_name'), '/master/Default')]",
            "dependsOn": [
                "[resourceId('Microsoft.Sql/servers', parameters('servers_hau_sql_db_srv_name'))]"
            ],
            "properties": {
                "retentionDays": 0,
                "isAzureMonitorTargetEnabled": false,
                "state": "Disabled",
                "storageAccountSubscriptionId": "00000000-0000-0000-0000-000000000000"
            }
        },
        {
            "type": "Microsoft.Sql/servers/databases/extendedAuditingSettings",
            "apiVersion": "2021-02-01-preview",
            "name": "[concat(parameters('servers_hau_sql_db_srv_name'), '/master/Default')]",
            "dependsOn": [
                "[resourceId('Microsoft.Sql/servers', parameters('servers_hau_sql_db_srv_name'))]"
            ],
            "properties": {
                "retentionDays": 0,
                "isAzureMonitorTargetEnabled": false,
                "state": "Disabled",
                "storageAccountSubscriptionId": "00000000-0000-0000-0000-000000000000"
            }
        },
        {
            "type": "Microsoft.Sql/servers/databases/geoBackupPolicies",
            "apiVersion": "2014-04-01",
            "name": "[concat(parameters('servers_hau_sql_db_srv_name'), '/master/Default')]",
            "location": "East US",
            "dependsOn": [
                "[resourceId('Microsoft.Sql/servers', parameters('servers_hau_sql_db_srv_name'))]"
            ],
            "properties": {
                "state": "Disabled"
            }
        },
        {
            "type": "Microsoft.Sql/servers/databases/ledgerDigestUploads",
            "apiVersion": "2021-02-01-preview",
            "name": "[concat(parameters('servers_hau_sql_db_srv_name'), '/master/Current')]",
            "dependsOn": [
                "[resourceId('Microsoft.Sql/servers', parameters('servers_hau_sql_db_srv_name'))]"
            ],
            "properties": {}
        },
        {
            "type": "Microsoft.Sql/servers/databases/securityAlertPolicies",
            "apiVersion": "2021-02-01-preview",
            "name": "[concat(parameters('servers_hau_sql_db_srv_name'), '/master/Default')]",
            "dependsOn": [
                "[resourceId('Microsoft.Sql/servers', parameters('servers_hau_sql_db_srv_name'))]"
            ],
            "properties": {
                "state": "Disabled",
                "disabledAlerts": [
                    ""
                ],
                "emailAddresses": [
                    ""
                ],
                "emailAccountAdmins": false,
                "retentionDays": 0
            }
        },
        {
            "type": "Microsoft.Sql/servers/databases/transparentDataEncryption",
            "apiVersion": "2021-02-01-preview",
            "name": "[concat(parameters('servers_hau_sql_db_srv_name'), '/master/Current')]",
            "dependsOn": [
                "[resourceId('Microsoft.Sql/servers', parameters('servers_hau_sql_db_srv_name'))]"
            ],
            "properties": {
                "state": "Disabled"
            }
        },
        {
            "type": "Microsoft.Sql/servers/databases/vulnerabilityAssessments",
            "apiVersion": "2021-02-01-preview",
            "name": "[concat(parameters('servers_hau_sql_db_srv_name'), '/master/Default')]",
            "dependsOn": [
                "[resourceId('Microsoft.Sql/servers', parameters('servers_hau_sql_db_srv_name'))]"
            ],
            "properties": {
                "recurringScans": {
                    "isEnabled": false,
                    "emailSubscriptionAdmins": true
                }
            }
        },
        {
            "type": "Microsoft.Sql/servers/devOpsAuditingSettings",
            "apiVersion": "2021-02-01-preview",
            "name": "[concat(parameters('servers_hau_sql_db_srv_name'), '/Default')]",
            "dependsOn": [
                "[resourceId('Microsoft.Sql/servers', parameters('servers_hau_sql_db_srv_name'))]"
            ],
            "properties": {
                "isAzureMonitorTargetEnabled": false,
                "state": "Disabled",
                "storageAccountSubscriptionId": "00000000-0000-0000-0000-000000000000"
            }
        },
        {
            "type": "Microsoft.Sql/servers/encryptionProtector",
            "apiVersion": "2021-02-01-preview",
            "name": "[concat(parameters('servers_hau_sql_db_srv_name'), '/current')]",
            "dependsOn": [
                "[resourceId('Microsoft.Sql/servers', parameters('servers_hau_sql_db_srv_name'))]"
            ],
            "kind": "servicemanaged",
            "properties": {
                "serverKeyName": "ServiceManaged",
                "serverKeyType": "ServiceManaged",
                "autoRotationEnabled": false
            }
        },
        {
            "type": "Microsoft.Sql/servers/extendedAuditingSettings",
            "apiVersion": "2021-02-01-preview",
            "name": "[concat(parameters('servers_hau_sql_db_srv_name'), '/Default')]",
            "dependsOn": [
                "[resourceId('Microsoft.Sql/servers', parameters('servers_hau_sql_db_srv_name'))]"
            ],
            "properties": {
                "retentionDays": 0,
                "auditActionsAndGroups": [],
                "isStorageSecondaryKeyInUse": false,
                "isAzureMonitorTargetEnabled": false,
                "state": "Disabled",
                "storageAccountSubscriptionId": "00000000-0000-0000-0000-000000000000"
            }
        },
        {
            "type": "Microsoft.Sql/servers/firewallRules",
            "apiVersion": "2021-02-01-preview",
            "name": "[concat(parameters('servers_hau_sql_db_srv_name'), '/ALHO-PublicIP')]",
            "dependsOn": [
                "[resourceId('Microsoft.Sql/servers', parameters('servers_hau_sql_db_srv_name'))]"
            ],
            "properties": {
                "startIpAddress": "181.174.107.54",
                "endIpAddress": "181.174.107.54"
            }
        },
        {
            "type": "Microsoft.Sql/servers/firewallRules",
            "apiVersion": "2021-02-01-preview",
            "name": "[concat(parameters('servers_hau_sql_db_srv_name'), '/AllowAllWindowsAzureIps')]",
            "dependsOn": [
                "[resourceId('Microsoft.Sql/servers', parameters('servers_hau_sql_db_srv_name'))]"
            ],
            "properties": {
                "startIpAddress": "0.0.0.0",
                "endIpAddress": "0.0.0.0"
            }
        },
        {
            "type": "Microsoft.Sql/servers/firewallRules",
            "apiVersion": "2021-02-01-preview",
            "name": "[concat(parameters('servers_hau_sql_db_srv_name'), '/ana-iphone')]",
            "dependsOn": [
                "[resourceId('Microsoft.Sql/servers', parameters('servers_hau_sql_db_srv_name'))]"
            ],
            "properties": {
                "startIpAddress": "190.106.200.53",
                "endIpAddress": "190.106.200.53"
            }
        },
        {
            "type": "Microsoft.Sql/servers/firewallRules",
            "apiVersion": "2021-02-01-preview",
            "name": "[concat(parameters('servers_hau_sql_db_srv_name'), '/db')]",
            "dependsOn": [
                "[resourceId('Microsoft.Sql/servers', parameters('servers_hau_sql_db_srv_name'))]"
            ],
            "properties": {
                "startIpAddress": "52.39.95.204",
                "endIpAddress": "52.39.95.204"
            }
        },
        {
            "type": "Microsoft.Sql/servers/firewallRules",
            "apiVersion": "2021-02-01-preview",
            "name": "[concat(parameters('servers_hau_sql_db_srv_name'), '/iphone')]",
            "dependsOn": [
                "[resourceId('Microsoft.Sql/servers', parameters('servers_hau_sql_db_srv_name'))]"
            ],
            "properties": {
                "startIpAddress": "181.174.67.35",
                "endIpAddress": "181.174.67.35"
            }
        },
        {
            "type": "Microsoft.Sql/servers/firewallRules",
            "apiVersion": "2021-02-01-preview",
            "name": "[concat(parameters('servers_hau_sql_db_srv_name'), '/mafer iphone')]",
            "dependsOn": [
                "[resourceId('Microsoft.Sql/servers', parameters('servers_hau_sql_db_srv_name'))]"
            ],
            "properties": {
                "startIpAddress": "181.174.73.186",
                "endIpAddress": "181.174.73.186"
            }
        },
        {
            "type": "Microsoft.Sql/servers/firewallRules",
            "apiVersion": "2021-02-01-preview",
            "name": "[concat(parameters('servers_hau_sql_db_srv_name'), '/martinexsa')]",
            "dependsOn": [
                "[resourceId('Microsoft.Sql/servers', parameters('servers_hau_sql_db_srv_name'))]"
            ],
            "properties": {
                "startIpAddress": "200.49.180.210",
                "endIpAddress": "200.49.180.210"
            }
        },
        {
            "type": "Microsoft.Sql/servers/firewallRules",
            "apiVersion": "2021-02-01-preview",
            "name": "[concat(parameters('servers_hau_sql_db_srv_name'), '/MFL-PublicIP')]",
            "dependsOn": [
                "[resourceId('Microsoft.Sql/servers', parameters('servers_hau_sql_db_srv_name'))]"
            ],
            "properties": {
                "startIpAddress": "190.99.116.188",
                "endIpAddress": "190.99.116.188"
            }
        },
        {
            "type": "Microsoft.Sql/servers/firewallRules",
            "apiVersion": "2021-02-01-preview",
            "name": "[concat(parameters('servers_hau_sql_db_srv_name'), '/netlify srver')]",
            "dependsOn": [
                "[resourceId('Microsoft.Sql/servers', parameters('servers_hau_sql_db_srv_name'))]"
            ],
            "properties": {
                "startIpAddress": "3.12.198.178",
                "endIpAddress": "3.12.198.178"
            }
        },
        {
            "type": "Microsoft.Sql/servers/firewallRules",
            "apiVersion": "2021-02-01-preview",
            "name": "[concat(parameters('servers_hau_sql_db_srv_name'), '/query-editor-634b6b')]",
            "dependsOn": [
                "[resourceId('Microsoft.Sql/servers', parameters('servers_hau_sql_db_srv_name'))]"
            ],
            "properties": {
                "startIpAddress": "181.174.107.112",
                "endIpAddress": "181.174.107.112"
            }
        },
        {
            "type": "Microsoft.Sql/servers/keys",
            "apiVersion": "2021-02-01-preview",
            "name": "[concat(parameters('servers_hau_sql_db_srv_name'), '/ServiceManaged')]",
            "dependsOn": [
                "[resourceId('Microsoft.Sql/servers', parameters('servers_hau_sql_db_srv_name'))]"
            ],
            "kind": "servicemanaged",
            "properties": {
                "serverKeyType": "ServiceManaged"
            }
        },
        {
            "type": "Microsoft.Sql/servers/securityAlertPolicies",
            "apiVersion": "2021-02-01-preview",
            "name": "[concat(parameters('servers_hau_sql_db_srv_name'), '/Default')]",
            "dependsOn": [
                "[resourceId('Microsoft.Sql/servers', parameters('servers_hau_sql_db_srv_name'))]"
            ],
            "properties": {
                "state": "Disabled",
                "disabledAlerts": [
                    ""
                ],
                "emailAddresses": [
                    ""
                ],
                "emailAccountAdmins": false,
                "retentionDays": 0
            }
        },
        {
            "type": "Microsoft.Sql/servers/vulnerabilityAssessments",
            "apiVersion": "2021-02-01-preview",
            "name": "[concat(parameters('servers_hau_sql_db_srv_name'), '/Default')]",
            "dependsOn": [
                "[resourceId('Microsoft.Sql/servers', parameters('servers_hau_sql_db_srv_name'))]"
            ],
            "properties": {
                "recurringScans": {
                    "isEnabled": false,
                    "emailSubscriptionAdmins": true
                },
                "storageContainerPath": "[parameters('vulnerabilityAssessments_Default_storageContainerPath')]"
            }
        },
        {
            "type": "Microsoft.Storage/storageAccounts",
            "apiVersion": "2021-06-01",
            "name": "[parameters('storageAccounts_haustacc_name')]",
            "location": "eastus",
            "dependsOn": [
                "[resourceId('Microsoft.Network/virtualNetworks/subnets', parameters('virtualNetworks_hau_vnet_name'), 'hau-sn-01')]"
            ],
            "sku": {
                "name": "Standard_LRS",
                "tier": "Standard"
            },
            "kind": "StorageV2",
            "properties": {
                "defaultToOAuthAuthentication": false,
                "allowCrossTenantReplication": false,
                "routingPreference": {
                    "routingChoice": "MicrosoftRouting",
                    "publishMicrosoftEndpoints": true,
                    "publishInternetEndpoints": false
                },
                "isNfsV3Enabled": true,
                "minimumTlsVersion": "TLS1_2",
                "allowBlobPublicAccess": true,
                "allowSharedKeyAccess": true,
                "isHnsEnabled": true,
                "networkAcls": {
                    "resourceAccessRules": [],
                    "bypass": "AzureServices",
                    "virtualNetworkRules": [
                        {
                            "id": "[resourceId('Microsoft.Network/virtualNetworks/subnets', parameters('virtualNetworks_hau_vnet_name'), 'hau-sn-01')]",
                            "action": "Allow",
                            "state": "Succeeded"
                        }
                    ],
                    "ipRules": [
                        {
                            "value": "181.174.107.54",
                            "action": "Allow"
                        }
                    ],
                    "defaultAction": "Allow"
                },
                "supportsHttpsTrafficOnly": true,
                "encryption": {
                    "services": {
                        "file": {
                            "keyType": "Account",
                            "enabled": true
                        },
                        "blob": {
                            "keyType": "Account",
                            "enabled": true
                        }
                    },
                    "keySource": "Microsoft.Storage"
                },
                "accessTier": "Hot"
            }
        },
        {
            "type": "Microsoft.Storage/storageAccounts/blobServices",
            "apiVersion": "2021-06-01",
            "name": "[concat(parameters('storageAccounts_haustacc_name'), '/default')]",
            "dependsOn": [
                "[resourceId('Microsoft.Storage/storageAccounts', parameters('storageAccounts_haustacc_name'))]"
            ],
            "sku": {
                "name": "Standard_LRS",
                "tier": "Standard"
            },
            "properties": {
                "cors": {
                    "corsRules": [
                        {
                            "allowedOrigins": [
                                "181.174.107.54"
                            ],
                            "allowedMethods": [
                                "DELETE",
                                "GET",
                                "HEAD",
                                "MERGE",
                                "POST",
                                "OPTIONS",
                                "PUT",
                                "PATCH"
                            ],
                            "maxAgeInSeconds": 0,
                            "exposedHeaders": [
                                ""
                            ],
                            "allowedHeaders": [
                                ""
                            ]
                        }
                    ]
                },
                "deleteRetentionPolicy": {
                    "enabled": false
                }
            }
        },
        {
            "type": "Microsoft.Storage/storageAccounts/fileServices",
            "apiVersion": "2021-06-01",
            "name": "[concat(parameters('storageAccounts_haustacc_name'), '/default')]",
            "dependsOn": [
                "[resourceId('Microsoft.Storage/storageAccounts', parameters('storageAccounts_haustacc_name'))]"
            ],
            "sku": {
                "name": "Standard_LRS",
                "tier": "Standard"
            },
            "properties": {
                "protocolSettings": {
                    "smb": {}
                },
                "cors": {
                    "corsRules": []
                },
                "shareDeleteRetentionPolicy": {
                    "enabled": true,
                    "days": 7
                }
            }
        },
        {
            "type": "Microsoft.Storage/storageAccounts/queueServices",
            "apiVersion": "2021-06-01",
            "name": "[concat(parameters('storageAccounts_haustacc_name'), '/default')]",
            "dependsOn": [
                "[resourceId('Microsoft.Storage/storageAccounts', parameters('storageAccounts_haustacc_name'))]"
            ],
            "properties": {
                "cors": {
                    "corsRules": []
                }
            }
        },
        {
            "type": "Microsoft.Storage/storageAccounts/tableServices",
            "apiVersion": "2021-06-01",
            "name": "[concat(parameters('storageAccounts_haustacc_name'), '/default')]",
            "dependsOn": [
                "[resourceId('Microsoft.Storage/storageAccounts', parameters('storageAccounts_haustacc_name'))]"
            ],
            "properties": {
                "cors": {
                    "corsRules": []
                }
            }
        },
        {
            "type": "Microsoft.Network/virtualNetworks/subnets",
            "apiVersion": "2020-11-01",
            "name": "[concat(parameters('virtualNetworks_hau_vnet_name'), '/hau-sn-02-pbsnet')]",
            "dependsOn": [
                "[resourceId('Microsoft.Network/virtualNetworks', parameters('virtualNetworks_hau_vnet_name'))]",
                "[resourceId('Microsoft.Network/networkSecurityGroups', parameters('networkSecurityGroups_databricksnsgtis7i7yw4syx4_name'))]"
            ],
            "properties": {
                "addressPrefix": "10.1.2.0/24",
                "networkSecurityGroup": {
                    "id": "[resourceId('Microsoft.Network/networkSecurityGroups', parameters('networkSecurityGroups_databricksnsgtis7i7yw4syx4_name'))]"
                },
                "delegations": [
                    {
                        "name": "databricks-del-5u67ze4jtxfw6",
                        "properties": {
                            "serviceName": "Microsoft.Databricks/workspaces"
                        }
                    }
                ],
                "privateEndpointNetworkPolicies": "Enabled",
                "privateLinkServiceNetworkPolicies": "Enabled"
            }
        },
        {
            "type": "Microsoft.Network/virtualNetworks/subnets",
            "apiVersion": "2020-11-01",
            "name": "[concat(parameters('virtualNetworks_hau_vnet_name'), '/hau-sn-03-pvsnet')]",
            "dependsOn": [
                "[resourceId('Microsoft.Network/virtualNetworks', parameters('virtualNetworks_hau_vnet_name'))]",
                "[resourceId('Microsoft.Network/networkSecurityGroups', parameters('networkSecurityGroups_databricksnsgtis7i7yw4syx4_name'))]"
            ],
            "properties": {
                "addressPrefix": "10.1.3.0/24",
                "networkSecurityGroup": {
                    "id": "[resourceId('Microsoft.Network/networkSecurityGroups', parameters('networkSecurityGroups_databricksnsgtis7i7yw4syx4_name'))]"
                },
                "delegations": [
                    {
                        "name": "databricks-del-dxlgzto4wauki",
                        "properties": {
                            "serviceName": "Microsoft.Databricks/workspaces"
                        }
                    }
                ],
                "privateEndpointNetworkPolicies": "Enabled",
                "privateLinkServiceNetworkPolicies": "Enabled"
            }
        },
        {
            "type": "Microsoft.Sql/servers/databases/advisors",
            "apiVersion": "2014-04-01",
            "name": "[concat(parameters('servers_hau_sql_db_srv_name'), '/hau-sql-db/CreateIndex')]",
            "dependsOn": [
                "[resourceId('Microsoft.Sql/servers/databases', parameters('servers_hau_sql_db_srv_name'), 'hau-sql-db')]",
                "[resourceId('Microsoft.Sql/servers', parameters('servers_hau_sql_db_srv_name'))]"
            ],
            "properties": {
                "autoExecuteValue": "Disabled"
            }
        },
        {
            "type": "Microsoft.Sql/servers/databases/advisors",
            "apiVersion": "2014-04-01",
            "name": "[concat(parameters('servers_hau_sql_db_srv_name'), '/hau-sql-db/DbParameterization')]",
            "dependsOn": [
                "[resourceId('Microsoft.Sql/servers/databases', parameters('servers_hau_sql_db_srv_name'), 'hau-sql-db')]",
                "[resourceId('Microsoft.Sql/servers', parameters('servers_hau_sql_db_srv_name'))]"
            ],
            "properties": {
                "autoExecuteValue": "Disabled"
            }
        },
        {
            "type": "Microsoft.Sql/servers/databases/advisors",
            "apiVersion": "2014-04-01",
            "name": "[concat(parameters('servers_hau_sql_db_srv_name'), '/hau-sql-db/DefragmentIndex')]",
            "dependsOn": [
                "[resourceId('Microsoft.Sql/servers/databases', parameters('servers_hau_sql_db_srv_name'), 'hau-sql-db')]",
                "[resourceId('Microsoft.Sql/servers', parameters('servers_hau_sql_db_srv_name'))]"
            ],
            "properties": {
                "autoExecuteValue": "Disabled"
            }
        },
        {
            "type": "Microsoft.Sql/servers/databases/advisors",
            "apiVersion": "2014-04-01",
            "name": "[concat(parameters('servers_hau_sql_db_srv_name'), '/hau-sql-db/DropIndex')]",
            "dependsOn": [
                "[resourceId('Microsoft.Sql/servers/databases', parameters('servers_hau_sql_db_srv_name'), 'hau-sql-db')]",
                "[resourceId('Microsoft.Sql/servers', parameters('servers_hau_sql_db_srv_name'))]"
            ],
            "properties": {
                "autoExecuteValue": "Disabled"
            }
        },
        {
            "type": "Microsoft.Sql/servers/databases/advisors",
            "apiVersion": "2014-04-01",
            "name": "[concat(parameters('servers_hau_sql_db_srv_name'), '/hau-sql-db/ForceLastGoodPlan')]",
            "dependsOn": [
                "[resourceId('Microsoft.Sql/servers/databases', parameters('servers_hau_sql_db_srv_name'), 'hau-sql-db')]",
                "[resourceId('Microsoft.Sql/servers', parameters('servers_hau_sql_db_srv_name'))]"
            ],
            "properties": {
                "autoExecuteValue": "Enabled"
            }
        },
        {
            "type": "Microsoft.Sql/servers/databases/auditingPolicies",
            "apiVersion": "2014-04-01",
            "name": "[concat(parameters('servers_hau_sql_db_srv_name'), '/hau-sql-db/Default')]",
            "location": "East US",
            "dependsOn": [
                "[resourceId('Microsoft.Sql/servers/databases', parameters('servers_hau_sql_db_srv_name'), 'hau-sql-db')]",
                "[resourceId('Microsoft.Sql/servers', parameters('servers_hau_sql_db_srv_name'))]"
            ],
            "properties": {
                "auditingState": "Disabled"
            }
        },
        {
            "type": "Microsoft.Sql/servers/databases/auditingSettings",
            "apiVersion": "2021-02-01-preview",
            "name": "[concat(parameters('servers_hau_sql_db_srv_name'), '/hau-sql-db/Default')]",
            "dependsOn": [
                "[resourceId('Microsoft.Sql/servers/databases', parameters('servers_hau_sql_db_srv_name'), 'hau-sql-db')]",
                "[resourceId('Microsoft.Sql/servers', parameters('servers_hau_sql_db_srv_name'))]"
            ],
            "properties": {
                "retentionDays": 0,
                "isAzureMonitorTargetEnabled": false,
                "state": "Disabled",
                "storageAccountSubscriptionId": "00000000-0000-0000-0000-000000000000"
            }
        },
        {
            "type": "Microsoft.Sql/servers/databases/backupLongTermRetentionPolicies",
            "apiVersion": "2021-02-01-preview",
            "name": "[concat(parameters('servers_hau_sql_db_srv_name'), '/hau-sql-db/default')]",
            "dependsOn": [
                "[resourceId('Microsoft.Sql/servers/databases', parameters('servers_hau_sql_db_srv_name'), 'hau-sql-db')]",
                "[resourceId('Microsoft.Sql/servers', parameters('servers_hau_sql_db_srv_name'))]"
            ],
            "properties": {
                "weeklyRetention": "PT0S",
                "monthlyRetention": "PT0S",
                "yearlyRetention": "PT0S",
                "weekOfYear": 0
            }
        },
        {
            "type": "Microsoft.Sql/servers/databases/backupShortTermRetentionPolicies",
            "apiVersion": "2021-02-01-preview",
            "name": "[concat(parameters('servers_hau_sql_db_srv_name'), '/hau-sql-db/default')]",
            "dependsOn": [
                "[resourceId('Microsoft.Sql/servers/databases', parameters('servers_hau_sql_db_srv_name'), 'hau-sql-db')]",
                "[resourceId('Microsoft.Sql/servers', parameters('servers_hau_sql_db_srv_name'))]"
            ],
            "properties": {
                "retentionDays": 7,
                "diffBackupIntervalInHours": 12
            }
        },
        {
            "type": "Microsoft.Sql/servers/databases/extendedAuditingSettings",
            "apiVersion": "2021-02-01-preview",
            "name": "[concat(parameters('servers_hau_sql_db_srv_name'), '/hau-sql-db/Default')]",
            "dependsOn": [
                "[resourceId('Microsoft.Sql/servers/databases', parameters('servers_hau_sql_db_srv_name'), 'hau-sql-db')]",
                "[resourceId('Microsoft.Sql/servers', parameters('servers_hau_sql_db_srv_name'))]"
            ],
            "properties": {
                "retentionDays": 0,
                "isAzureMonitorTargetEnabled": false,
                "state": "Disabled",
                "storageAccountSubscriptionId": "00000000-0000-0000-0000-000000000000"
            }
        },
        {
            "type": "Microsoft.Sql/servers/databases/geoBackupPolicies",
            "apiVersion": "2014-04-01",
            "name": "[concat(parameters('servers_hau_sql_db_srv_name'), '/hau-sql-db/Default')]",
            "location": "East US",
            "dependsOn": [
                "[resourceId('Microsoft.Sql/servers/databases', parameters('servers_hau_sql_db_srv_name'), 'hau-sql-db')]",
                "[resourceId('Microsoft.Sql/servers', parameters('servers_hau_sql_db_srv_name'))]"
            ],
            "properties": {
                "state": "Enabled"
            }
        },
        {
            "type": "Microsoft.Sql/servers/databases/ledgerDigestUploads",
            "apiVersion": "2021-02-01-preview",
            "name": "[concat(parameters('servers_hau_sql_db_srv_name'), '/hau-sql-db/Current')]",
            "dependsOn": [
                "[resourceId('Microsoft.Sql/servers/databases', parameters('servers_hau_sql_db_srv_name'), 'hau-sql-db')]",
                "[resourceId('Microsoft.Sql/servers', parameters('servers_hau_sql_db_srv_name'))]"
            ],
            "properties": {}
        },
        {
            "type": "Microsoft.Sql/servers/databases/securityAlertPolicies",
            "apiVersion": "2021-02-01-preview",
            "name": "[concat(parameters('servers_hau_sql_db_srv_name'), '/hau-sql-db/Default')]",
            "dependsOn": [
                "[resourceId('Microsoft.Sql/servers/databases', parameters('servers_hau_sql_db_srv_name'), 'hau-sql-db')]",
                "[resourceId('Microsoft.Sql/servers', parameters('servers_hau_sql_db_srv_name'))]"
            ],
            "properties": {
                "state": "Disabled",
                "disabledAlerts": [
                    ""
                ],
                "emailAddresses": [
                    ""
                ],
                "emailAccountAdmins": false,
                "retentionDays": 0
            }
        },
        {
            "type": "Microsoft.Sql/servers/databases/transparentDataEncryption",
            "apiVersion": "2021-02-01-preview",
            "name": "[concat(parameters('servers_hau_sql_db_srv_name'), '/hau-sql-db/Current')]",
            "dependsOn": [
                "[resourceId('Microsoft.Sql/servers/databases', parameters('servers_hau_sql_db_srv_name'), 'hau-sql-db')]",
                "[resourceId('Microsoft.Sql/servers', parameters('servers_hau_sql_db_srv_name'))]"
            ],
            "properties": {
                "state": "Enabled"
            }
        },
        {
            "type": "Microsoft.Sql/servers/databases/vulnerabilityAssessments",
            "apiVersion": "2021-02-01-preview",
            "name": "[concat(parameters('servers_hau_sql_db_srv_name'), '/hau-sql-db/Default')]",
            "dependsOn": [
                "[resourceId('Microsoft.Sql/servers/databases', parameters('servers_hau_sql_db_srv_name'), 'hau-sql-db')]",
                "[resourceId('Microsoft.Sql/servers', parameters('servers_hau_sql_db_srv_name'))]"
            ],
            "properties": {
                "recurringScans": {
                    "isEnabled": false,
                    "emailSubscriptionAdmins": true
                }
            }
        },
        {
            "type": "Microsoft.Storage/storageAccounts/blobServices/containers",
            "apiVersion": "2021-06-01",
            "name": "[concat(parameters('storageAccounts_haustacc_name'), '/default/iot')]",
            "dependsOn": [
                "[resourceId('Microsoft.Storage/storageAccounts/blobServices', parameters('storageAccounts_haustacc_name'), 'default')]",
                "[resourceId('Microsoft.Storage/storageAccounts', parameters('storageAccounts_haustacc_name'))]"
            ],
            "properties": {
                "immutableStorageWithVersioning": {
                    "enabled": false
                },
                "defaultEncryptionScope": "$account-encryption-key",
                "denyEncryptionScopeOverride": false,
                "publicAccess": "Container"
            }
        }
    ]
}